etf_ticker,etf_name,holding_ticker,market_data_symbol,holding_name,holding_percent,universe_source
IVV,iShares Core S&P 500 ETF,NVDA,NVDA,NVIDIA Corp,0.080680504,Major ETF holdings
IVV,iShares Core S&P 500 ETF,AAPL,AAPL,Apple Inc,0.0702137,Major ETF holdings
IVV,iShares Core S&P 500 ETF,MSFT,MSFT,Microsoft Corp,0.056856398,Major ETF holdings
IVV,iShares Core S&P 500 ETF,AMZN,AMZN,Amazon.com Inc,0.0383664,Major ETF holdings
IVV,iShares Core S&P 500 ETF,GOOGL,GOOGL,Alphabet Inc Class A,0.0300221,Major ETF holdings
IVV,iShares Core S&P 500 ETF,AVGO,AVGO,Broadcom Inc,0.0264554,Major ETF holdings
IVV,iShares Core S&P 500 ETF,GOOG,GOOG,Alphabet Inc Class C,0.023918299,Major ETF holdings
IVV,iShares Core S&P 500 ETF,META,META,Meta Platforms Inc Class A,0.018963799,Major ETF holdings
IVV,iShares Core S&P 500 ETF,MU,MU,Micron Technology Inc,0.0163137,Major ETF holdings
IVV,iShares Core S&P 500 ETF,TSLA,TSLA,Tesla Inc,0.0156292,Major ETF holdings
QUAL,iShares MSCI USA Quality Factor ETF,MSFT,MSFT,Microsoft Corp,0.0775431,Major ETF holdings
QUAL,iShares MSCI USA Quality Factor ETF,AAPL,AAPL,Apple Inc,0.0676217,Major ETF holdings
QUAL,iShares MSCI USA Quality Factor ETF,NVDA,NVDA,NVIDIA Corp,0.063855,Major ETF holdings
QUAL,iShares MSCI USA Quality Factor ETF,META,META,Meta Platforms Inc Class A,0.0376128,Major ETF holdings
QUAL,iShares MSCI USA Quality Factor ETF,LLY,LLY,Eli Lilly and Co,0.0365899,Major ETF holdings
QUAL,iShares MSCI USA Quality Factor ETF,LRCX,LRCX,Lam Research Corp,0.0356475,Major ETF holdings
QUAL,iShares MSCI USA Quality Factor ETF,TJX,TJX,TJX Companies Inc,0.0335851,Major ETF holdings
QUAL,iShares MSCI USA Quality Factor ETF,V,V,Visa Inc Class A,0.0325508,Major ETF holdings
QUAL,iShares MSCI USA Quality Factor ETF,AMAT,AMAT,Applied Materials Inc,0.0278126,Major ETF holdings
QUAL,iShares MSCI USA Quality Factor ETF,KLAC,KLAC,KLA Corp,0.023515798,Major ETF holdings
SCHD,Schwab U.S. Dividend Equity ETF,MRK,MRK,Merck & Co Inc,0.0477597,Major ETF holdings
SCHD,Schwab U.S. Dividend Equity ETF,ABT,ABT,Abbott Laboratories,0.0476579,Major ETF holdings
SCHD,Schwab U.S. Dividend Equity ETF,AMGN,AMGN,Amgen Inc,0.0472101,Major ETF holdings
SCHD,Schwab U.S. Dividend Equity ETF,KO,KO,Coca-Cola Co,0.042037603,Major ETF holdings
SCHD,Schwab U.S. Dividend Equity ETF,VZ,VZ,Verizon Communications Inc,0.039658,Major ETF holdings
SCHD,Schwab U.S. Dividend Equity ETF,CVX,CVX,Chevron Corp,0.0392911,Major ETF holdings
SCHD,Schwab U.S. Dividend Equity ETF,HD,HD,The Home Depot Inc,0.0389564,Major ETF holdings
SCHD,Schwab U.S. Dividend Equity ETF,COP,COP,ConocoPhillips,0.0386332,Major ETF holdings
SCHD,Schwab U.S. Dividend Equity ETF,UNH,UNH,UnitedHealth Group Inc,0.0384864,Major ETF holdings
SCHD,Schwab U.S. Dividend Equity ETF,PG,PG,Procter & Gamble Co,0.037872,Major ETF holdings
USMV,iShares MSCI USA Min Vol Factor ETF,MSFT,MSFT,Microsoft Corp,0.015649,Major ETF holdings
USMV,iShares MSCI USA Min Vol Factor ETF,APH,APH,Amphenol Corp Class A,0.0151798995,Major ETF holdings
USMV,iShares MSCI USA Min Vol Factor ETF,NVDA,NVDA,NVIDIA Corp,0.0151613,Major ETF holdings
USMV,iShares MSCI USA Min Vol Factor ETF,MSI,MSI,Motorola Solutions Inc,0.015078699,Major ETF holdings
USMV,iShares MSCI USA Min Vol Factor ETF,WELL,WELL,Welltower Inc,0.0149725,Major ETF holdings
USMV,iShares MSCI USA Min Vol Factor ETF,VZ,VZ,Verizon Communications Inc,0.0145412,Major ETF holdings
USMV,iShares MSCI USA Min Vol Factor ETF,JNJ,JNJ,Johnson & Johnson,0.0145270005,Major ETF holdings
USMV,iShares MSCI USA Min Vol Factor ETF,CB,CB,Chubb Ltd,0.0145119,Major ETF holdings
USMV,iShares MSCI USA Min Vol Factor ETF,MRK,MRK,Merck & Co Inc,0.0145043,Major ETF holdings
USMV,iShares MSCI USA Min Vol Factor ETF,VRTX,VRTX,Vertex Pharmaceuticals Inc,0.0142836,Major ETF holdings
VIG,Vanguard Dividend Appreciation ETF,MSFT,MSFT,Microsoft Corp,0.046751097,Major ETF holdings
VIG,Vanguard Dividend Appreciation ETF,AAPL,AAPL,Apple Inc,0.045073,Major ETF holdings
VIG,Vanguard Dividend Appreciation ETF,AVGO,AVGO,Broadcom Inc,0.0434762,Major ETF holdings
VIG,Vanguard Dividend Appreciation ETF,JPM,JPM,JPMorgan Chase & Co,0.040704697,Major ETF holdings
VIG,Vanguard Dividend Appreciation ETF,LLY,LLY,Eli Lilly and Co,0.039044198,Major ETF holdings
VIG,Vanguard Dividend Appreciation ETF,XOM,XOM,ExxonMobil Holdings Corp,0.0284659,Major ETF holdings
VIG,Vanguard Dividend Appreciation ETF,JNJ,JNJ,Johnson & Johnson,0.027306499,Major ETF holdings
VIG,Vanguard Dividend Appreciation ETF,V,V,Visa Inc Class A,0.025021901,Major ETF holdings
VIG,Vanguard Dividend Appreciation ETF,MA,MA,Mastercard Inc Class A,0.020289099,Major ETF holdings
VIG,Vanguard Dividend Appreciation ETF,WMT,WMT,Walmart Inc,0.019617401,Major ETF holdings
VOO,Vanguard S&P 500 ETF,NVDA,NVDA,NVIDIA Corp,0.0808197,Major ETF holdings
VOO,Vanguard S&P 500 ETF,AAPL,AAPL,Apple Inc,0.0703389,Major ETF holdings
VOO,Vanguard S&P 500 ETF,MSFT,MSFT,Microsoft Corp,0.056957502,Major ETF holdings
VOO,Vanguard S&P 500 ETF,AMZN,AMZN,Amazon.com Inc,0.0384355,Major ETF holdings
VOO,Vanguard S&P 500 ETF,GOOGL,GOOGL,Alphabet Inc Class A,0.0300753,Major ETF holdings
VOO,Vanguard S&P 500 ETF,AVGO,AVGO,Broadcom Inc,0.0265023,Major ETF holdings
VOO,Vanguard S&P 500 ETF,GOOG,GOOG,Alphabet Inc Class C,0.0239609,Major ETF holdings
VOO,Vanguard S&P 500 ETF,META,META,Meta Platforms Inc Class A,0.0189983,Major ETF holdings
VOO,Vanguard S&P 500 ETF,MU,MU,Micron Technology Inc,0.0163428,Major ETF holdings
VOO,Vanguard S&P 500 ETF,TSLA,TSLA,Tesla Inc,0.0156572,Major ETF holdings
VTI,Vanguard Total Stock Market ETF,NVDA,NVDA,NVIDIA Corp,0.068748295,Major ETF holdings
VTI,Vanguard Total Stock Market ETF,AAPL,AAPL,Apple Inc,0.063032,Major ETF holdings
VTI,Vanguard Total Stock Market ETF,MSFT,MSFT,Microsoft Corp,0.0510406,Major ETF holdings
VTI,Vanguard Total Stock Market ETF,AMZN,AMZN,Amazon.com Inc,0.0340635,Major ETF holdings
VTI,Vanguard Total Stock Market ETF,GOOGL,GOOGL,Alphabet Inc Class A,0.0269596,Major ETF holdings
VTI,Vanguard Total Stock Market ETF,AVGO,AVGO,Broadcom Inc,0.023749499,Major ETF holdings
VTI,Vanguard Total Stock Market ETF,GOOG,GOOG,Alphabet Inc Class C,0.0212139,Major ETF holdings
VTI,Vanguard Total Stock Market ETF,META,META,Meta Platforms Inc Class A,0.017023899,Major ETF holdings
VTI,Vanguard Total Stock Market ETF,MU,MU,Micron Technology Inc,0.014644099,Major ETF holdings
VTI,Vanguard Total Stock Market ETF,TSLA,TSLA,Tesla Inc,0.014038,Major ETF holdings
XLP,Consumer Staples Select Sector SPDR Fund,WMT,WMT,Walmart Inc,0.09820639,Major ETF holdings
XLP,Consumer Staples Select Sector SPDR Fund,COST,COST,Costco Wholesale Corp,0.0894496,Major ETF holdings
XLP,Consumer Staples Select Sector SPDR Fund,KO,KO,Coca-Cola Co,0.0733419,Major ETF holdings
XLP,Consumer Staples Select Sector SPDR Fund,PG,PG,Procter & Gamble Co,0.0721831,Major ETF holdings
XLP,Consumer Staples Select Sector SPDR Fund,PM,PM,Philip Morris International Inc,0.0623555,Major ETF holdings
XLP,Consumer Staples Select Sector SPDR Fund,TGT,TGT,Target Corp,0.0465602,Major ETF holdings
XLP,Consumer Staples Select Sector SPDR Fund,CL,CL,Colgate-Palmolive Co,0.0451784,Major ETF holdings
XLP,Consumer Staples Select Sector SPDR Fund,PEP,PEP,PepsiCo Inc,0.0439961,Major ETF holdings
XLP,Consumer Staples Select Sector SPDR Fund,MDLZ,MDLZ,Mondelez International Inc Class A,0.0437564,Major ETF holdings
XLP,Consumer Staples Select Sector SPDR Fund,MO,MO,Altria Group Inc,0.042367,Major ETF holdings
XLU,Utilities Select Sector SPDR Fund,NEE,NEE,NextEra Energy Inc,0.1304942,Major ETF holdings
XLU,Utilities Select Sector SPDR Fund,SO,SO,Southern Co,0.075392,Major ETF holdings
XLU,Utilities Select Sector SPDR Fund,DUK,DUK,Duke Energy Corp,0.0710444,Major ETF holdings
XLU,Utilities Select Sector SPDR Fund,CEG,CEG,Constellation Energy Corp,0.0667553,Major ETF holdings
XLU,Utilities Select Sector SPDR Fund,AEP,AEP,American Electric Power Co Inc,0.050626103,Major ETF holdings
XLU,Utilities Select Sector SPDR Fund,D,D,Dominion Energy Inc,0.0441191,Major ETF holdings
XLU,Utilities Select Sector SPDR Fund,SRE,SRE,Sempra,0.040588196,Major ETF holdings
XLU,Utilities Select Sector SPDR Fund,ETR,ETR,Entergy Corp,0.036994502,Major ETF holdings
XLU,Utilities Select Sector SPDR Fund,XEL,XEL,Xcel Energy Inc,0.0359098,Major ETF holdings
XLU,Utilities Select Sector SPDR Fund,EXC,EXC,Exelon Corp,0.0339976,Major ETF holdings
XLV,Health Care Select Sector SPDR Fund,LLY,LLY,Eli Lilly and Co,0.14867349,Major ETF holdings
XLV,Health Care Select Sector SPDR Fund,JNJ,JNJ,Johnson & Johnson,0.1039781,Major ETF holdings
XLV,Health Care Select Sector SPDR Fund,ABBV,ABBV,AbbVie Inc,0.0736088,Major ETF holdings
XLV,Health Care Select Sector SPDR Fund,MRK,MRK,Merck & Co Inc,0.0592945,Major ETF holdings
XLV,Health Care Select Sector SPDR Fund,UNH,UNH,UnitedHealth Group Inc,0.0574581,Major ETF holdings
XLV,Health Care Select Sector SPDR Fund,AMGN,AMGN,Amgen Inc,0.0376961,Major ETF holdings
XLV,Health Care Select Sector SPDR Fund,TMO,TMO,Thermo Fisher Scientific Inc,0.0372603,Major ETF holdings
XLV,Health Care Select Sector SPDR Fund,ABT,ABT,Abbott Laboratories,0.0312324,Major ETF holdings
XLV,Health Care Select Sector SPDR Fund,GILD,GILD,Gilead Sciences Inc,0.0295206,Major ETF holdings
XLV,Health Care Select Sector SPDR Fund,PFE,PFE,Pfizer Inc,0.026354698,Major ETF holdings
